ZipCode,CountyFips,CountyName,StateCode,ResidentialRatio
32003,12019,"Clay County",FL,1
32004,12109,"St. Johns County",FL,1
32006,12019,"Clay County",FL,1
32007,12107,"Putnam County",FL,1
32008,12121,"Suwannee County",FL,1
32009,12089,"Nassau County",FL,1
32011,12089,"Nassau County",FL,1
32013,12067,"Lafayette County",FL,1
32024,12023,"Columbia County",FL,1
32025,12023,"Columbia County",FL,1
32026,12125,"Union County",FL,1
32030,12019,"Clay County",FL,1
32033,12109,"St. Johns County",FL,1
32034,12089,"Nassau County",FL,1
32035,12089,"Nassau County",FL,1
32038,12023,"Columbia County",FL,1
32040,12003,"Baker County",FL,1
32041,12089,"Nassau County",FL,1
32042,12007,"Bradford County",FL,1
32043,12019,"Clay County",FL,1
32044,12007,"Bradford County",FL,1
32046,12089,"Nassau County",FL,1
32050,12019,"Clay County",FL,1
32052,12047,"Hamilton County",FL,1
32053,12047,"Hamilton County",FL,1
32054,12125,"Union County",FL,1
32055,12023,"Columbia County",FL,1
32056,12023,"Columbia County",FL,1
32058,12007,"Bradford County",FL,1
32059,12079,"Madison County",FL,1
32060,12121,"Suwannee County",FL,1
32061,12023,"Columbia County",FL,1
32062,12121,"Suwannee County",FL,1
32063,12003,"Baker County",FL,1
32064,12121,"Suwannee County",FL,1
32065,12019,"Clay County",FL,1
32066,12067,"Lafayette County",FL,1
32067,12019,"Clay County",FL,1
32068,12019,"Clay County",FL,1
32071,12121,"Suwannee County",FL,1
32072,12003,"Baker County",FL,1
32073,12019,"Clay County",FL,1
32079,12019,"Clay County",FL,1
32080,12109,"St. Johns County",FL,1
32081,12109,"St. Johns County",FL,1
32082,12109,"St. Johns County",FL,1
32083,12125,"Union County",FL,1
32084,12109,"St. Johns County",FL,1
32085,12109,"St. Johns County",FL,1
32086,12109,"St. Johns County",FL,1
32087,12003,"Baker County",FL,1
32091,12007,"Bradford County",FL,1
32092,12109,"St. Johns County",FL,1
32094,12121,"Suwannee County",FL,1
32095,12109,"St. Johns County",FL,1
32096,12047,"Hamilton County",FL,1
32097,12089,"Nassau County",FL,1
32099,12031,"Duval County",FL,1
32102,12069,"Lake County",FL,1
32105,12127,"Volusia County",FL,1
32110,12035,"Flagler County",FL,1
32111,12083,"Marion County",FL,1
32112,12107,"Putnam County",FL,1
32113,12083,"Marion County",FL,1
32114,12127,"Volusia County",FL,1
32115,12127,"Volusia County",FL,1
32116,12127,"Volusia County",FL,1
32117,12127,"Volusia County",FL,1
32118,12127,"Volusia County",FL,1
32119,12127,"Volusia County",FL,1
32120,12127,"Volusia County",FL,1
32121,12127,"Volusia County",FL,1
32122,12127,"Volusia County",FL,1
32123,12127,"Volusia County",FL,1
32124,12127,"Volusia County",FL,1
32125,12127,"Volusia County",FL,1
32126,12127,"Volusia County",FL,1
32127,12127,"Volusia County",FL,1
32128,12127,"Volusia County",FL,1
32129,12127,"Volusia County",FL,1
32130,12127,"Volusia County",FL,1
32131,12107,"Putnam County",FL,1
32132,12127,"Volusia County",FL,1
32133,12083,"Marion County",FL,1
32134,12083,"Marion County",FL,1
32135,12035,"Flagler County",FL,1
32136,12035,"Flagler County",FL,1
32137,12035,"Flagler County",FL,1
32138,12107,"Putnam County",FL,1
32139,12107,"Putnam County",FL,1
32140,12107,"Putnam County",FL,1
32141,12127,"Volusia County",FL,1
32142,12035,"Flagler County",FL,1
32143,12035,"Flagler County",FL,1
32145,12109,"St. Johns County",FL,1
32147,12107,"Putnam County",FL,1
32148,12107,"Putnam County",FL,1
32149,12107,"Putnam County",FL,1
32157,12107,"Putnam County",FL,1
32158,12069,"Lake County",FL,1
32159,12069,"Lake County",FL,1
32160,12019,"Clay County",FL,1
32162,12119,"Sumter County",FL,1
32163,12119,"Sumter County",FL,1
32164,12035,"Flagler County",FL,1
32168,12127,"Volusia County",FL,1
32169,12127,"Volusia County",FL,1
32170,12127,"Volusia County",FL,1
32173,12127,"Volusia County",FL,1
32174,12127,"Volusia County",FL,1
32175,12127,"Volusia County",FL,1
32176,12127,"Volusia County",FL,1
32177,12107,"Putnam County",FL,1
32178,12107,"Putnam County",FL,1
32179,12083,"Marion County",FL,1
32180,12127,"Volusia County",FL,1
32181,12107,"Putnam County",FL,1
32182,12083,"Marion County",FL,1
32183,12083,"Marion County",FL,1
32185,12107,"Putnam County",FL,1
32187,12107,"Putnam County",FL,1
32189,12107,"Putnam County",FL,1
32190,12127,"Volusia County",FL,1
32192,12083,"Marion County",FL,1
32193,12107,"Putnam County",FL,1
32195,12083,"Marion County",FL,1
32198,12127,"Volusia County",FL,1
32201,12031,"Duval County",FL,1
32202,12031,"Duval County",FL,1
32203,12031,"Duval County",FL,1
32204,12031,"Duval County",FL,1
32205,12031,"Duval County",FL,1
32206,12031,"Duval County",FL,1
32207,12031,"Duval County",FL,1
32208,12031,"Duval County",FL,1
32209,12031,"Duval County",FL,1
32210,12031,"Duval County",FL,1
32211,12031,"Duval County",FL,1
32212,12031,"Duval County",FL,1
32214,12031,"Duval County",FL,1
32216,12031,"Duval County",FL,1
32217,12031,"Duval County",FL,1
32218,12031,"Duval County",FL,1
32219,12031,"Duval County",FL,1
32220,12031,"Duval County",FL,1
32221,12031,"Duval County",FL,1
32222,12031,"Duval County",FL,1
32223,12031,"Duval County",FL,1
32224,12031,"Duval County",FL,1
32225,12031,"Duval County",FL,1
32226,12031,"Duval County",FL,1
32227,12031,"Duval County",FL,1
32228,12031,"Duval County",FL,1
32229,12031,"Duval County",FL,1
32231,12031,"Duval County",FL,1
32232,12031,"Duval County",FL,1
32233,12031,"Duval County",FL,1
32234,12031,"Duval County",FL,1
32235,12031,"Duval County",FL,1
32236,12031,"Duval County",FL,1
32237,12031,"Duval County",FL,1
32238,12031,"Duval County",FL,1
32239,12031,"Duval County",FL,1
32240,12031,"Duval County",FL,1
32241,12031,"Duval County",FL,1
32244,12031,"Duval County",FL,1
32245,12031,"Duval County",FL,1
32246,12031,"Duval County",FL,1
32247,12031,"Duval County",FL,1
32250,12031,"Duval County",FL,1
32254,12031,"Duval County",FL,1
32255,12031,"Duval County",FL,1
32256,12031,"Duval County",FL,1
32257,12031,"Duval County",FL,1
32258,12031,"Duval County",FL,1
32259,12109,"St. Johns County",FL,1
32260,12109,"St. Johns County",FL,1
32266,12031,"Duval County",FL,1
32277,12031,"Duval County",FL,1
32301,12073,"Leon County",FL,1
32302,12073,"Leon County",FL,1
32303,12073,"Leon County",FL,1
32304,12073,"Leon County",FL,1
32305,12073,"Leon County",FL,1
32306,12073,"Leon County",FL,1
32307,12073,"Leon County",FL,1
32308,12073,"Leon County",FL,1
32309,12073,"Leon County",FL,1
32310,12073,"Leon County",FL,1
32311,12073,"Leon County",FL,1
32312,12073,"Leon County",FL,1
32313,12073,"Leon County",FL,1
32314,12073,"Leon County",FL,1
32315,12073,"Leon County",FL,1
32316,12073,"Leon County",FL,1
32317,12073,"Leon County",FL,1
32318,12037,"Franklin County",FL,1
32320,12037,"Franklin County",FL,1
32321,12077,"Liberty County",FL,1
32322,12037,"Franklin County",FL,1
32323,12037,"Franklin County",FL,1
32324,12039,"Gadsden County",FL,1
32326,12129,"Wakulla County",FL,1
32327,12129,"Wakulla County",FL,1
32328,12037,"Franklin County",FL,1
32329,12037,"Franklin County",FL,1
32330,12039,"Gadsden County",FL,1
32331,12079,"Madison County",FL,1
32332,12039,"Gadsden County",FL,1
32333,12039,"Gadsden County",FL,1
32334,12077,"Liberty County",FL,1
32335,12077,"Liberty County",FL,1
32336,12065,"Jefferson County",FL,1
32337,12065,"Jefferson County",FL,1
32340,12079,"Madison County",FL,1
32341,12079,"Madison County",FL,1
32343,12039,"Gadsden County",FL,1
32344,12065,"Jefferson County",FL,1
32345,12065,"Jefferson County",FL,1
32346,12129,"Wakulla County",FL,1
32347,12123,"Taylor County",FL,1
32348,12123,"Taylor County",FL,1
32350,12079,"Madison County",FL,1
32351,12039,"Gadsden County",FL,1
32352,12039,"Gadsden County",FL,1
32353,12039,"Gadsden County",FL,1
32355,12129,"Wakulla County",FL,1
32356,12123,"Taylor County",FL,1
32357,12123,"Taylor County",FL,1
32358,12129,"Wakulla County",FL,1
32359,12123,"Taylor County",FL,1
32360,12077,"Liberty County",FL,1
32361,12065,"Jefferson County",FL,1
32362,12073,"Leon County",FL,1
32395,12073,"Leon County",FL,1
32399,12073,"Leon County",FL,1
32401,12005,"Bay County",FL,1
32402,12005,"Bay County",FL,1
32403,12005,"Bay County",FL,1
32404,12005,"Bay County",FL,1
32405,12005,"Bay County",FL,1
32406,12005,"Bay County",FL,1
32407,12005,"Bay County",FL,1
32408,12005,"Bay County",FL,1
32409,12005,"Bay County",FL,1
32410,12005,"Bay County",FL,1
32411,12005,"Bay County",FL,1
32412,12005,"Bay County",FL,1
32413,12005,"Bay County",FL,1
32417,12005,"Bay County",FL,1
32420,12063,"Jackson County",FL,1
32421,12013,"Calhoun County",FL,1
32422,12131,"Walton County",FL,1
32423,12063,"Jackson County",FL,1
32424,12013,"Calhoun County",FL,1
32425,12059,"Holmes County",FL,1
32426,12063,"Jackson County",FL,1
32427,12133,"Washington County",FL,1
32428,12133,"Washington County",FL,1
32430,12013,"Calhoun County",FL,1
32431,12063,"Jackson County",FL,1
32432,12063,"Jackson County",FL,1
32433,12131,"Walton County",FL,1
32434,12131,"Walton County",FL,1
32435,12131,"Walton County",FL,1
32437,12133,"Washington County",FL,1
32438,12005,"Bay County",FL,1
32439,12131,"Walton County",FL,1
32440,12063,"Jackson County",FL,1
32442,12063,"Jackson County",FL,1
32443,12063,"Jackson County",FL,1
32444,12005,"Bay County",FL,1
32445,12063,"Jackson County",FL,1
32446,12063,"Jackson County",FL,1
32447,12063,"Jackson County",FL,1
32448,12063,"Jackson County",FL,1
32449,12013,"Calhoun County",FL,1
32452,12059,"Holmes County",FL,1
32455,12059,"Holmes County",FL,1
32456,12045,"Gulf County",FL,1
32457,12045,"Gulf County",FL,1
32459,12131,"Walton County",FL,1
32460,12063,"Jackson County",FL,1
32461,12131,"Walton County",FL,1
32462,12133,"Washington County",FL,1
32463,12133,"Washington County",FL,1
32464,12059,"Holmes County",FL,1
32465,12045,"Gulf County",FL,1
32466,12005,"Bay County",FL,1
32501,12033,"Escambia County",FL,1
32502,12033,"Escambia County",FL,1
32503,12033,"Escambia County",FL,1
32504,12033,"Escambia County",FL,1
32505,12033,"Escambia County",FL,1
32506,12033,"Escambia County",FL,1
32507,12033,"Escambia County",FL,1
32508,12033,"Escambia County",FL,1
32509,12033,"Escambia County",FL,1
32511,12033,"Escambia County",FL,1
32512,12033,"Escambia County",FL,1
32513,12033,"Escambia County",FL,1
32514,12033,"Escambia County",FL,1
32516,12033,"Escambia County",FL,1
32520,12033,"Escambia County",FL,1
32521,12033,"Escambia County",FL,1
32522,12033,"Escambia County",FL,1
32523,12033,"Escambia County",FL,1
32524,12033,"Escambia County",FL,1
32526,12033,"Escambia County",FL,1
32530,12113,"Santa Rosa County",FL,1
32531,12091,"Okaloosa County",FL,1
32533,12033,"Escambia County",FL,1
32534,12033,"Escambia County",FL,1
32535,12033,"Escambia County",FL,1
32536,12091,"Okaloosa County",FL,1
32537,12091,"Okaloosa County",FL,1
32538,12131,"Walton County",FL,1
32539,12091,"Okaloosa County",FL,1
32540,12091,"Okaloosa County",FL,1
32541,12091,"Okaloosa County",FL,1
32542,12091,"Okaloosa County",FL,1
32544,12091,"Okaloosa County",FL,1
32547,12091,"Okaloosa County",FL,1
32548,12091,"Okaloosa County",FL,1
32549,12091,"Okaloosa County",FL,1
32550,12131,"Walton County",FL,1
32559,12033,"Escambia County",FL,1
32560,12033,"Escambia County",FL,1
32561,12113,"Santa Rosa County",FL,1
32562,12113,"Santa Rosa County",FL,1
32563,12113,"Santa Rosa County",FL,1
32564,12091,"Okaloosa County",FL,1
32565,12113,"Santa Rosa County",FL,1
32566,12113,"Santa Rosa County",FL,1
32567,12091,"Okaloosa County",FL,1
32568,12033,"Escambia County",FL,1
32569,12091,"Okaloosa County",FL,1
32570,12113,"Santa Rosa County",FL,1
32571,12113,"Santa Rosa County",FL,1
32572,12113,"Santa Rosa County",FL,1
32577,12033,"Escambia County",FL,1
32578,12091,"Okaloosa County",FL,1
32579,12091,"Okaloosa County",FL,1
32580,12091,"Okaloosa County",FL,1
32583,12113,"Santa Rosa County",FL,1
32588,12091,"Okaloosa County",FL,1
32591,12033,"Escambia County",FL,1
32601,12001,"Alachua County",FL,1
32602,12001,"Alachua County",FL,1
32603,12001,"Alachua County",FL,1
32604,12001,"Alachua County",FL,1
32605,12001,"Alachua County",FL,1
32606,12001,"Alachua County",FL,1
32607,12001,"Alachua County",FL,1
32608,12001,"Alachua County",FL,1
32609,12001,"Alachua County",FL,1
32610,12001,"Alachua County",FL,1
32611,12001,"Alachua County",FL,1
32612,12001,"Alachua County",FL,1
32614,12001,"Alachua County",FL,1
32615,12001,"Alachua County",FL,1
32616,12001,"Alachua County",FL,1
32617,12083,"Marion County",FL,1
32618,12001,"Alachua County",FL,1
32619,12041,"Gilchrist County",FL,1
32621,12075,"Levy County",FL,1
32622,12007,"Bradford County",FL,1
32625,12075,"Levy County",FL,1
32626,12075,"Levy County",FL,1
32627,12001,"Alachua County",FL,1
32628,12029,"Dixie County",FL,1
32631,12001,"Alachua County",FL,1
32633,12001,"Alachua County",FL,1
32634,12083,"Marion County",FL,1
32635,12001,"Alachua County",FL,1
32639,12075,"Levy County",FL,1
32640,12001,"Alachua County",FL,1
32641,12001,"Alachua County",FL,1
32643,12001,"Alachua County",FL,1
32644,12075,"Levy County",FL,1
32648,12029,"Dixie County",FL,1
32653,12001,"Alachua County",FL,1
32654,12001,"Alachua County",FL,1
32655,12001,"Alachua County",FL,1
32656,12019,"Clay County",FL,1
32658,12001,"Alachua County",FL,1
32662,12001,"Alachua County",FL,1
32663,12083,"Marion County",FL,1
32664,12083,"Marion County",FL,1
32666,12107,"Putnam County",FL,1
32667,12001,"Alachua County",FL,1
32668,12075,"Levy County",FL,1
32669,12001,"Alachua County",FL,1
32680,12029,"Dixie County",FL,1
32681,12083,"Marion County",FL,1
32683,12075,"Levy County",FL,1
32686,12083,"Marion County",FL,1
32692,12029,"Dixie County",FL,1
32693,12041,"Gilchrist County",FL,1
32694,12001,"Alachua County",FL,1
32696,12075,"Levy County",FL,1
32697,12125,"Union County",FL,1
32701,12117,"Seminole County",FL,1
32702,12069,"Lake County",FL,1
32703,12095,"Orange County",FL,1
32704,12095,"Orange County",FL,1
32706,12127,"Volusia County",FL,1
32707,12117,"Seminole County",FL,1
32708,12117,"Seminole County",FL,1
32709,12095,"Orange County",FL,1
32710,12095,"Orange County",FL,1
32712,12095,"Orange County",FL,1
32713,12127,"Volusia County",FL,1
32714,12117,"Seminole County",FL,1
32715,12117,"Seminole County",FL,1
32716,12117,"Seminole County",FL,1
32718,12117,"Seminole County",FL,1
32719,12117,"Seminole County",FL,1
32720,12127,"Volusia County",FL,1
32721,12127,"Volusia County",FL,1
32722,12127,"Volusia County",FL,1
32723,12127,"Volusia County",FL,1
32724,12127,"Volusia County",FL,1
32725,12127,"Volusia County",FL,1
32726,12069,"Lake County",FL,1
32727,12069,"Lake County",FL,1
32728,12127,"Volusia County",FL,1
32730,12117,"Seminole County",FL,1
32732,12117,"Seminole County",FL,1
32733,12117,"Seminole County",FL,1
32735,12069,"Lake County",FL,1
32736,12069,"Lake County",FL,1
32738,12127,"Volusia County",FL,1
32739,12127,"Volusia County",FL,1
32744,12127,"Volusia County",FL,1
32745,12127,"Volusia County",FL,1
32746,12117,"Seminole County",FL,1
32747,12117,"Seminole County",FL,1
32750,12117,"Seminole County",FL,1
32751,12095,"Orange County",FL,1
32752,12117,"Seminole County",FL,1
32753,12065,"Jefferson County",FL,1
32754,12009,"Brevard County",FL,1
32756,12069,"Lake County",FL,1
32757,12069,"Lake County",FL,1
32759,12127,"Volusia County",FL,1
32762,12117,"Seminole County",FL,1
32763,12127,"Volusia County",FL,1
32764,12127,"Volusia County",FL,1
32765,12117,"Seminole County",FL,1
32766,12117,"Seminole County",FL,1
32767,12069,"Lake County",FL,1
32768,12095,"Orange County",FL,1
32771,12117,"Seminole County",FL,1
32772,12117,"Seminole County",FL,1
32773,12117,"Seminole County",FL,1
32774,12127,"Volusia County",FL,1
32775,12009,"Brevard County",FL,1
32776,12069,"Lake County",FL,1
32777,12095,"Orange County",FL,1
32778,12069,"Lake County",FL,1
32779,12117,"Seminole County",FL,1
32780,12009,"Brevard County",FL,1
32781,12009,"Brevard County",FL,1
32783,12009,"Brevard County",FL,1
32784,12069,"Lake County",FL,1
32789,12095,"Orange County",FL,1
32790,12095,"Orange County",FL,1
32791,12117,"Seminole County",FL,1
32792,12095,"Orange County",FL,1
32793,12095,"Orange County",FL,1
32794,12095,"Orange County",FL,1
32795,12117,"Seminole County",FL,1
32796,12009,"Brevard County",FL,1
32798,12095,"Orange County",FL,1
32799,12117,"Seminole County",FL,1
32801,12095,"Orange County",FL,1
32802,12095,"Orange County",FL,1
32803,12095,"Orange County",FL,1
32804,12095,"Orange County",FL,1
32805,12095,"Orange County",FL,1
32806,12095,"Orange County",FL,1
32807,12095,"Orange County",FL,1
32808,12095,"Orange County",FL,1
32809,12095,"Orange County",FL,1
32810,12095,"Orange County",FL,1
32811,12095,"Orange County",FL,1
32812,12095,"Orange County",FL,1
32814,12095,"Orange County",FL,1
32815,12009,"Brevard County",FL,1
32816,12095,"Orange County",FL,1
32817,12095,"Orange County",FL,1
32818,12095,"Orange County",FL,1
32819,12095,"Orange County",FL,1
32820,12095,"Orange County",FL,1
32821,12095,"Orange County",FL,1
32822,12095,"Orange County",FL,1
32824,12095,"Orange County",FL,1
32825,12095,"Orange County",FL,1
32826,12095,"Orange County",FL,1
32827,12095,"Orange County",FL,1
32828,12095,"Orange County",FL,1
32829,12095,"Orange County",FL,1
32830,12095,"Orange County",FL,1
32831,12095,"Orange County",FL,1
32832,12095,"Orange County",FL,1
32833,12095,"Orange County",FL,1
32834,12095,"Orange County",FL,1
32835,12095,"Orange County",FL,1
32836,12095,"Orange County",FL,1
32837,12095,"Orange County",FL,1
32839,12095,"Orange County",FL,1
32853,12095,"Orange County",FL,1
32854,12095,"Orange County",FL,1
32855,12095,"Orange County",FL,1
32856,12095,"Orange County",FL,1
32857,12095,"Orange County",FL,1
32858,12095,"Orange County",FL,1
32859,12095,"Orange County",FL,1
32860,12095,"Orange County",FL,1
32861,12095,"Orange County",FL,1
32862,12095,"Orange County",FL,1
32867,12095,"Orange County",FL,1
32868,12095,"Orange County",FL,1
32869,12095,"Orange County",FL,1
32872,12095,"Orange County",FL,1
32877,12095,"Orange County",FL,1
32878,12095,"Orange County",FL,1
32885,12095,"Orange County",FL,1
32886,12095,"Orange County",FL,1
32887,12095,"Orange County",FL,1
32891,12095,"Orange County",FL,1
32896,12095,"Orange County",FL,1
32897,12095,"Orange County",FL,1
32899,12009,"Brevard County",FL,1
32901,12009,"Brevard County",FL,1
32902,12009,"Brevard County",FL,1
32903,12009,"Brevard County",FL,1
32904,12009,"Brevard County",FL,1
32905,12009,"Brevard County",FL,1
32906,12009,"Brevard County",FL,1
32907,12009,"Brevard County",FL,1
32908,12009,"Brevard County",FL,1
32909,12009,"Brevard County",FL,1
32910,12009,"Brevard County",FL,1
32911,12009,"Brevard County",FL,1
32912,12009,"Brevard County",FL,1
32919,12009,"Brevard County",FL,1
32920,12009,"Brevard County",FL,1
32922,12009,"Brevard County",FL,1
32923,12009,"Brevard County",FL,1
32924,12009,"Brevard County",FL,1
32925,12009,"Brevard County",FL,1
32926,12009,"Brevard County",FL,1
32927,12009,"Brevard County",FL,1
32931,12009,"Brevard County",FL,1
32932,12009,"Brevard County",FL,1
32934,12009,"Brevard County",FL,1
32935,12009,"Brevard County",FL,1
32936,12009,"Brevard County",FL,1
32937,12009,"Brevard County",FL,1
32940,12009,"Brevard County",FL,1
32941,12009,"Brevard County",FL,1
32948,12061,"Indian River County",FL,1
32949,12009,"Brevard County",FL,1
32950,12009,"Brevard County",FL,1
32951,12009,"Brevard County",FL,1
32952,12009,"Brevard County",FL,1
32953,12009,"Brevard County",FL,1
32954,12009,"Brevard County",FL,1
32955,12009,"Brevard County",FL,1
32956,12009,"Brevard County",FL,1
32957,12061,"Indian River County",FL,1
32958,12061,"Indian River County",FL,1
32959,12009,"Brevard County",FL,1
32960,12061,"Indian River County",FL,1
32961,12061,"Indian River County",FL,1
32962,12061,"Indian River County",FL,1
32963,12061,"Indian River County",FL,1
32964,12061,"Indian River County",FL,1
32965,12061,"Indian River County",FL,1
32966,12061,"Indian River County",FL,1
32967,12061,"Indian River County",FL,1
32968,12061,"Indian River County",FL,1
32969,12061,"Indian River County",FL,1
32970,12061,"Indian River County",FL,1
32971,12061,"Indian River County",FL,1
32976,12009,"Brevard County",FL,1
32978,12061,"Indian River County",FL,1
33001,12087,"Monroe County",FL,1
33002,12086,"Miami-Dade County",FL,1
33004,12011,"Broward County",FL,1
33008,12011,"Broward County",FL,1
33009,12011,"Broward County",FL,1
33010,12086,"Miami-Dade County",FL,1
33011,12086,"Miami-Dade County",FL,1
33012,12086,"Miami-Dade County",FL,1
33013,12086,"Miami-Dade County",FL,1
33014,12086,"Miami-Dade County",FL,1
33015,12086,"Miami-Dade County",FL,1
33016,12086,"Miami-Dade County",FL,1
33017,12086,"Miami-Dade County",FL,1
33018,12086,"Miami-Dade County",FL,1
33019,12011,"Broward County",FL,1
33020,12011,"Broward County",FL,1
33021,12011,"Broward County",FL,1
33022,12011,"Broward County",FL,1
33023,12011,"Broward County",FL,1
33024,12011,"Broward County",FL,1
33025,12011,"Broward County",FL,1
33026,12011,"Broward County",FL,1
33027,12011,"Broward County",FL,1
33028,12011,"Broward County",FL,1
33029,12011,"Broward County",FL,1
33030,12086,"Miami-Dade County",FL,1
33031,12086,"Miami-Dade County",FL,1
33032,12086,"Miami-Dade County",FL,1
33033,12086,"Miami-Dade County",FL,1
33034,12086,"Miami-Dade County",FL,1
33035,12086,"Miami-Dade County",FL,1
33036,12087,"Monroe County",FL,1
33037,12087,"Monroe County",FL,1
33039,12086,"Miami-Dade County",FL,1
33040,12087,"Monroe County",FL,1
33041,12087,"Monroe County",FL,1
33042,12087,"Monroe County",FL,1
33043,12087,"Monroe County",FL,1
33045,12087,"Monroe County",FL,1
33050,12087,"Monroe County",FL,1
33051,12087,"Monroe County",FL,1
33052,12087,"Monroe County",FL,1
33054,12086,"Miami-Dade County",FL,1
33055,12086,"Miami-Dade County",FL,1
33056,12086,"Miami-Dade County",FL,1
33060,12011,"Broward County",FL,1
33061,12011,"Broward County",FL,1
33062,12011,"Broward County",FL,1
33063,12011,"Broward County",FL,1
33064,12011,"Broward County",FL,1
33065,12011,"Broward County",FL,1
33066,12011,"Broward County",FL,1
33067,12011,"Broward County",FL,1
33068,12011,"Broward County",FL,1
33069,12011,"Broward County",FL,1
33070,12087,"Monroe County",FL,1
33071,12011,"Broward County",FL,1
33072,12011,"Broward County",FL,1
33073,12011,"Broward County",FL,1
33074,12011,"Broward County",FL,1
33075,12011,"Broward County",FL,1
33076,12011,"Broward County",FL,1
33077,12011,"Broward County",FL,1
33081,12011,"Broward County",FL,1
33082,12011,"Broward County",FL,1
33083,12011,"Broward County",FL,1
33084,12011,"Broward County",FL,1
33090,12086,"Miami-Dade County",FL,1
33092,12086,"Miami-Dade County",FL,1
33093,12011,"Broward County",FL,1
33097,12011,"Broward County",FL,1
33101,12086,"Miami-Dade County",FL,1
33102,12086,"Miami-Dade County",FL,1
33106,12086,"Miami-Dade County",FL,1
33109,12086,"Miami-Dade County",FL,1
33111,12086,"Miami-Dade County",FL,1
33112,12107,"Putnam County",FL,1
33114,12086,"Miami-Dade County",FL,1
33116,12086,"Miami-Dade County",FL,1
33119,12086,"Miami-Dade County",FL,1
33122,12086,"Miami-Dade County",FL,1
33124,12086,"Miami-Dade County",FL,1
33125,12086,"Miami-Dade County",FL,1
33126,12086,"Miami-Dade County",FL,1
33127,12086,"Miami-Dade County",FL,1
33128,12086,"Miami-Dade County",FL,1
33129,12086,"Miami-Dade County",FL,1
33130,12086,"Miami-Dade County",FL,1
33131,12086,"Miami-Dade County",FL,1
33132,12086,"Miami-Dade County",FL,1
33133,12086,"Miami-Dade County",FL,1
33134,12086,"Miami-Dade County",FL,1
33135,12086,"Miami-Dade County",FL,1
33136,12086,"Miami-Dade County",FL,1
33137,12086,"Miami-Dade County",FL,1
33138,12086,"Miami-Dade County",FL,1
33139,12086,"Miami-Dade County",FL,1
33140,12086,"Miami-Dade County",FL,1
33141,12086,"Miami-Dade County",FL,1
33142,12086,"Miami-Dade County",FL,1
33143,12086,"Miami-Dade County",FL,1
33144,12086,"Miami-Dade County",FL,1
33145,12086,"Miami-Dade County",FL,1
33146,12086,"Miami-Dade County",FL,1
33147,12086,"Miami-Dade County",FL,1
33149,12086,"Miami-Dade County",FL,1
33150,12086,"Miami-Dade County",FL,1
33151,12086,"Miami-Dade County",FL,1
33152,12086,"Miami-Dade County",FL,1
33153,12086,"Miami-Dade County",FL,1
33154,12086,"Miami-Dade County",FL,1
33155,12086,"Miami-Dade County",FL,1
33156,12086,"Miami-Dade County",FL,1
33157,12086,"Miami-Dade County",FL,1
33158,12086,"Miami-Dade County",FL,1
33160,12086,"Miami-Dade County",FL,1
33161,12086,"Miami-Dade County",FL,1
33162,12086,"Miami-Dade County",FL,1
33163,12086,"Miami-Dade County",FL,1
33164,12086,"Miami-Dade County",FL,1
33165,12086,"Miami-Dade County",FL,1
33166,12086,"Miami-Dade County",FL,1
33167,12086,"Miami-Dade County",FL,1
33168,12086,"Miami-Dade County",FL,1
33169,12086,"Miami-Dade County",FL,1
33170,12086,"Miami-Dade County",FL,1
33172,12086,"Miami-Dade County",FL,1
33173,12086,"Miami-Dade County",FL,1
33174,12086,"Miami-Dade County",FL,1
33175,12086,"Miami-Dade County",FL,1
33176,12086,"Miami-Dade County",FL,1
33177,12086,"Miami-Dade County",FL,1
33178,12086,"Miami-Dade County",FL,1
33179,12086,"Miami-Dade County",FL,1
33180,12086,"Miami-Dade County",FL,1
33181,12086,"Miami-Dade County",FL,1
33182,12086,"Miami-Dade County",FL,1
33183,12086,"Miami-Dade County",FL,1
33184,12086,"Miami-Dade County",FL,1
33185,12086,"Miami-Dade County",FL,1
33186,12086,"Miami-Dade County",FL,1
33187,12086,"Miami-Dade County",FL,1
33188,12086,"Miami-Dade County",FL,1
33189,12086,"Miami-Dade County",FL,1
33190,12086,"Miami-Dade County",FL,1
33191,12086,"Miami-Dade County",FL,1
33192,12086,"Miami-Dade County",FL,1
33193,12086,"Miami-Dade County",FL,1
33194,12086,"Miami-Dade County",FL,1
33195,12086,"Miami-Dade County",FL,1
33196,12086,"Miami-Dade County",FL,1
33197,12086,"Miami-Dade County",FL,1
33198,12086,"Miami-Dade County",FL,1
33199,12086,"Miami-Dade County",FL,1
33206,12086,"Miami-Dade County",FL,1
33222,12086,"Miami-Dade County",FL,1
33231,12086,"Miami-Dade County",FL,1
33233,12086,"Miami-Dade County",FL,1
33234,12086,"Miami-Dade County",FL,1
33238,12086,"Miami-Dade County",FL,1
33239,12086,"Miami-Dade County",FL,1
33242,12086,"Miami-Dade County",FL,1
33243,12086,"Miami-Dade County",FL,1
33245,12086,"Miami-Dade County",FL,1
33247,12086,"Miami-Dade County",FL,1
33255,12086,"Miami-Dade County",FL,1
33256,12086,"Miami-Dade County",FL,1
33257,12086,"Miami-Dade County",FL,1
33261,12086,"Miami-Dade County",FL,1
33265,12086,"Miami-Dade County",FL,1
33266,12086,"Miami-Dade County",FL,1
33269,12086,"Miami-Dade County",FL,1
33280,12086,"Miami-Dade County",FL,1
33283,12086,"Miami-Dade County",FL,1
33296,12086,"Miami-Dade County",FL,1
33299,12086,"Miami-Dade County",FL,1
33301,12011,"Broward County",FL,1
33302,12011,"Broward County",FL,1
33303,12011,"Broward County",FL,1
33304,12011,"Broward County",FL,1
33305,12011,"Broward County",FL,1
33306,12011,"Broward County",FL,1
33307,12011,"Broward County",FL,1
33308,12011,"Broward County",FL,1
33309,12011,"Broward County",FL,1
33310,12011,"Broward County",FL,1
33311,12011,"Broward County",FL,1
33312,12011,"Broward County",FL,1
33313,12011,"Broward County",FL,1
33314,12011,"Broward County",FL,1
33315,12011,"Broward County",FL,1
33316,12011,"Broward County",FL,1
33317,12011,"Broward County",FL,1
33318,12011,"Broward County",FL,1
33319,12011,"Broward County",FL,1
33320,12011,"Broward County",FL,1
33321,12011,"Broward County",FL,1
33322,12011,"Broward County",FL,1
33323,12011,"Broward County",FL,1
33324,12011,"Broward County",FL,1
33325,12011,"Broward County",FL,1
33326,12011,"Broward County",FL,1
33327,12011,"Broward County",FL,1
33328,12011,"Broward County",FL,1
33329,12011,"Broward County",FL,1
33330,12011,"Broward County",FL,1
33331,12011,"Broward County",FL,1
33332,12011,"Broward County",FL,1
33334,12011,"Broward County",FL,1
33335,12011,"Broward County",FL,1
33336,12011,"Broward County",FL,1
33337,12011,"Broward County",FL,1
33338,12011,"Broward County",FL,1
33339,12011,"Broward County",FL,1
33340,12011,"Broward County",FL,1
33345,12011,"Broward County",FL,1
33346,12011,"Broward County",FL,1
33348,12011,"Broward County",FL,1
33349,12011,"Broward County",FL,1
33351,12011,"Broward County",FL,1
33355,12011,"Broward County",FL,1
33359,12011,"Broward County",FL,1
33388,12011,"Broward County",FL,1
33394,12011,"Broward County",FL,1
33401,12099,"Palm Beach County",FL,1
33402,12099,"Palm Beach County",FL,1
33403,12099,"Palm Beach County",FL,1
33404,12099,"Palm Beach County",FL,1
33405,12099,"Palm Beach County",FL,1
33406,12099,"Palm Beach County",FL,1
33407,12099,"Palm Beach County",FL,1
33408,12099,"Palm Beach County",FL,1
33409,12099,"Palm Beach County",FL,1
33410,12099,"Palm Beach County",FL,1
33411,12099,"Palm Beach County",FL,1
33412,12099,"Palm Beach County",FL,1
33413,12099,"Palm Beach County",FL,1
33414,12099,"Palm Beach County",FL,1
33415,12099,"Palm Beach County",FL,1
33416,12099,"Palm Beach County",FL,1
33417,12099,"Palm Beach County",FL,1
33418,12099,"Palm Beach County",FL,1
33419,12099,"Palm Beach County",FL,1
33420,12099,"Palm Beach County",FL,1
33421,12099,"Palm Beach County",FL,1
33422,12099,"Palm Beach County",FL,1
33424,12099,"Palm Beach County",FL,1
33425,12099,"Palm Beach County",FL,1
33426,12099,"Palm Beach County",FL,1
33427,12099,"Palm Beach County",FL,1
33428,12099,"Palm Beach County",FL,1
33429,12099,"Palm Beach County",FL,1
33430,12099,"Palm Beach County",FL,1
33431,12099,"Palm Beach County",FL,1
33432,12099,"Palm Beach County",FL,1
33433,12099,"Palm Beach County",FL,1
33434,12099,"Palm Beach County",FL,1
33435,12099,"Palm Beach County",FL,1
33436,12099,"Palm Beach County",FL,1
33437,12099,"Palm Beach County",FL,1
33438,12099,"Palm Beach County",FL,1
33440,12051,"Hendry County",FL,1
33441,12011,"Broward County",FL,1
33442,12011,"Broward County",FL,1
33443,12011,"Broward County",FL,1
33444,12099,"Palm Beach County",FL,1
33445,12099,"Palm Beach County",FL,1
33446,12099,"Palm Beach County",FL,1
33448,12099,"Palm Beach County",FL,1
33449,12099,"Palm Beach County",FL,1
33454,12099,"Palm Beach County",FL,1
33455,12085,"Martin County",FL,1
33458,12099,"Palm Beach County",FL,1
33459,12099,"Palm Beach County",FL,1
33460,12099,"Palm Beach County",FL,1
33461,12099,"Palm Beach County",FL,1
33462,12099,"Palm Beach County",FL,1
33463,12099,"Palm Beach County",FL,1
33464,12099,"Palm Beach County",FL,1
33465,12099,"Palm Beach County",FL,1
33466,12099,"Palm Beach County",FL,1
33467,12099,"Palm Beach County",FL,1
33468,12099,"Palm Beach County",FL,1
33469,12099,"Palm Beach County",FL,1
33470,12099,"Palm Beach County",FL,1
33471,12043,"Glades County",FL,1
33472,12099,"Palm Beach County",FL,1
33473,12099,"Palm Beach County",FL,1
33474,12099,"Palm Beach County",FL,1
33475,12085,"Martin County",FL,1
33476,12099,"Palm Beach County",FL,1
33477,12099,"Palm Beach County",FL,1
33478,12099,"Palm Beach County",FL,1
33480,12099,"Palm Beach County",FL,1
33481,12099,"Palm Beach County",FL,1
33482,12099,"Palm Beach County",FL,1
33483,12099,"Palm Beach County",FL,1
33484,12099,"Palm Beach County",FL,1
33486,12099,"Palm Beach County",FL,1
33487,12099,"Palm Beach County",FL,1
33488,12099,"Palm Beach County",FL,1
33493,12099,"Palm Beach County",FL,1
33496,12099,"Palm Beach County",FL,1
33497,12099,"Palm Beach County",FL,1
33498,12099,"Palm Beach County",FL,1
33499,12099,"Palm Beach County",FL,1
33503,12057,"Hillsborough County",FL,1
33508,12057,"Hillsborough County",FL,1
33509,12057,"Hillsborough County",FL,1
33510,12057,"Hillsborough County",FL,1
33511,12057,"Hillsborough County",FL,1
33513,12119,"Sumter County",FL,1
33514,12119,"Sumter County",FL,1
33521,12119,"Sumter County",FL,1
33523,12101,"Pasco County",FL,1
33524,12101,"Pasco County",FL,1
33525,12101,"Pasco County",FL,1
33526,12101,"Pasco County",FL,1
33527,12057,"Hillsborough County",FL,1
33530,12057,"Hillsborough County",FL,1
33534,12057,"Hillsborough County",FL,1
33537,12101,"Pasco County",FL,1
33538,12119,"Sumter County",FL,1
33539,12101,"Pasco County",FL,1
33540,12101,"Pasco County",FL,1
33541,12101,"Pasco County",FL,1
33542,12101,"Pasco County",FL,1
33543,12101,"Pasco County",FL,1
33544,12101,"Pasco County",FL,1
33545,12101,"Pasco County",FL,1
33547,12057,"Hillsborough County",FL,1
33548,12057,"Hillsborough County",FL,1
33549,12057,"Hillsborough County",FL,1
33550,12057,"Hillsborough County",FL,1
33556,12057,"Hillsborough County",FL,1
33558,12057,"Hillsborough County",FL,1
33559,12101,"Pasco County",FL,1
33563,12057,"Hillsborough County",FL,1
33564,12057,"Hillsborough County",FL,1
33565,12057,"Hillsborough County",FL,1
33566,12057,"Hillsborough County",FL,1
33567,12057,"Hillsborough County",FL,1
33568,12057,"Hillsborough County",FL,1
33569,12057,"Hillsborough County",FL,1
33570,12057,"Hillsborough County",FL,1
33571,12057,"Hillsborough County",FL,1
33572,12057,"Hillsborough County",FL,1
33573,12057,"Hillsborough County",FL,1
33574,12101,"Pasco County",FL,1
33575,12057,"Hillsborough County",FL,1
33576,12101,"Pasco County",FL,1
33578,12101,"Pasco County",FL,1
33579,12057,"Hillsborough County",FL,1
33583,12057,"Hillsborough County",FL,1
33584,12057,"Hillsborough County",FL,1
33585,12119,"Sumter County",FL,1
33586,12057,"Hillsborough County",FL,1
33587,12057,"Hillsborough County",FL,1
33592,12057,"Hillsborough County",FL,1
33593,12101,"Pasco County",FL,1
33594,12057,"Hillsborough County",FL,1
33595,12057,"Hillsborough County",FL,1
33596,12057,"Hillsborough County",FL,1
33597,12119,"Sumter County",FL,1
33598,12057,"Hillsborough County",FL,1
33601,12057,"Hillsborough County",FL,1
33602,12057,"Hillsborough County",FL,1
33603,12057,"Hillsborough County",FL,1
33604,12057,"Hillsborough County",FL,1
33605,12057,"Hillsborough County",FL,1
33606,12057,"Hillsborough County",FL,1
33607,12057,"Hillsborough County",FL,1
33608,12057,"Hillsborough County",FL,1
33609,12057,"Hillsborough County",FL,1
33610,12057,"Hillsborough County",FL,1
33611,12057,"Hillsborough County",FL,1
33612,12057,"Hillsborough County",FL,1
33613,12057,"Hillsborough County",FL,1
33614,12057,"Hillsborough County",FL,1
33615,12057,"Hillsborough County",FL,1
33616,12057,"Hillsborough County",FL,1
33617,12057,"Hillsborough County",FL,1
33618,12057,"Hillsborough County",FL,1
33619,12057,"Hillsborough County",FL,1
33620,12057,"Hillsborough County",FL,1
33621,12057,"Hillsborough County",FL,1
33622,12057,"Hillsborough County",FL,1
33623,12057,"Hillsborough County",FL,1
33624,12057,"Hillsborough County",FL,1
33625,12057,"Hillsborough County",FL,1
33626,12057,"Hillsborough County",FL,1
33629,12057,"Hillsborough County",FL,1
33630,12057,"Hillsborough County",FL,1
33631,12057,"Hillsborough County",FL,1
33633,12057,"Hillsborough County",FL,1
33634,12057,"Hillsborough County",FL,1
33635,12057,"Hillsborough County",FL,1
33637,12057,"Hillsborough County",FL,1
33646,12057,"Hillsborough County",FL,1
33647,12057,"Hillsborough County",FL,1
33650,12057,"Hillsborough County",FL,1
33655,12057,"Hillsborough County",FL,1
33660,12057,"Hillsborough County",FL,1
33661,12057,"Hillsborough County",FL,1
33662,12057,"Hillsborough County",FL,1
33663,12057,"Hillsborough County",FL,1
33664,12057,"Hillsborough County",FL,1
33672,12057,"Hillsborough County",FL,1
33673,12057,"Hillsborough County",FL,1
33674,12057,"Hillsborough County",FL,1
33675,12057,"Hillsborough County",FL,1
33677,12057,"Hillsborough County",FL,1
33679,12057,"Hillsborough County",FL,1
33680,12057,"Hillsborough County",FL,1
33681,12057,"Hillsborough County",FL,1
33682,12057,"Hillsborough County",FL,1
33684,12057,"Hillsborough County",FL,1
33685,12057,"Hillsborough County",FL,1
33686,12057,"Hillsborough County",FL,1
33687,12057,"Hillsborough County",FL,1
33688,12057,"Hillsborough County",FL,1
33689,12057,"Hillsborough County",FL,1
33694,12057,"Hillsborough County",FL,1
33701,12103,"Pinellas County",FL,1
33702,12103,"Pinellas County",FL,1
33703,12103,"Pinellas County",FL,1
33704,12103,"Pinellas County",FL,1
33705,12103,"Pinellas County",FL,1
33706,12103,"Pinellas County",FL,1
33707,12103,"Pinellas County",FL,1
33708,12103,"Pinellas County",FL,1
33709,12103,"Pinellas County",FL,1
33710,12103,"Pinellas County",FL,1
33711,12103,"Pinellas County",FL,1
33712,12103,"Pinellas County",FL,1
33713,12103,"Pinellas County",FL,1
33714,12103,"Pinellas County",FL,1
33715,12103,"Pinellas County",FL,1
33716,12103,"Pinellas County",FL,1
33729,12103,"Pinellas County",FL,1
33730,12103,"Pinellas County",FL,1
33731,12103,"Pinellas County",FL,1
33732,12103,"Pinellas County",FL,1
33733,12103,"Pinellas County",FL,1
33734,12103,"Pinellas County",FL,1
33736,12103,"Pinellas County",FL,1
33737,12103,"Pinellas County",FL,1
33738,12103,"Pinellas County",FL,1
33740,12103,"Pinellas County",FL,1
33741,12103,"Pinellas County",FL,1
33742,12103,"Pinellas County",FL,1
33743,12103,"Pinellas County",FL,1
33744,12103,"Pinellas County",FL,1
33747,12103,"Pinellas County",FL,1
33755,12103,"Pinellas County",FL,1
33756,12103,"Pinellas County",FL,1
33757,12103,"Pinellas County",FL,1
33758,12103,"Pinellas County",FL,1
33759,12103,"Pinellas County",FL,1
33760,12103,"Pinellas County",FL,1
33761,12103,"Pinellas County",FL,1
33762,12103,"Pinellas County",FL,1
33763,12103,"Pinellas County",FL,1
33764,12103,"Pinellas County",FL,1
33765,12103,"Pinellas County",FL,1
33766,12103,"Pinellas County",FL,1
33767,12103,"Pinellas County",FL,1
33769,12103,"Pinellas County",FL,1
33770,12103,"Pinellas County",FL,1
33771,12103,"Pinellas County",FL,1
33772,12103,"Pinellas County",FL,1
33773,12103,"Pinellas County",FL,1
33774,12103,"Pinellas County",FL,1
33775,12103,"Pinellas County",FL,1
33776,12103,"Pinellas County",FL,1
33777,12103,"Pinellas County",FL,1
33778,12103,"Pinellas County",FL,1
33779,12103,"Pinellas County",FL,1
33780,12103,"Pinellas County",FL,1
33781,12103,"Pinellas County",FL,1
33782,12103,"Pinellas County",FL,1
33784,12103,"Pinellas County",FL,1
33785,12103,"Pinellas County",FL,1
33786,12103,"Pinellas County",FL,1
33801,12105,"Polk County",FL,1
33802,12105,"Polk County",FL,1
33803,12105,"Polk County",FL,1
33804,12105,"Polk County",FL,1
33805,12105,"Polk County",FL,1
33806,12105,"Polk County",FL,1
33807,12105,"Polk County",FL,1
33809,12105,"Polk County",FL,1
33810,12105,"Polk County",FL,1
33811,12105,"Polk County",FL,1
33812,12105,"Polk County",FL,1
33813,12105,"Polk County",FL,1
33815,12105,"Polk County",FL,1
33820,12105,"Polk County",FL,1
33823,12105,"Polk County",FL,1
33825,12055,"Highlands County",FL,1
33826,12055,"Highlands County",FL,1
33827,12105,"Polk County",FL,1
33830,12105,"Polk County",FL,1
33831,12105,"Polk County",FL,1
33834,12049,"Hardee County",FL,1
33835,12105,"Polk County",FL,1
33836,12105,"Polk County",FL,1
33837,12105,"Polk County",FL,1
33838,12105,"Polk County",FL,1
33839,12105,"Polk County",FL,1
33840,12105,"Polk County",FL,1
33841,12105,"Polk County",FL,1
33843,12105,"Polk County",FL,1
33844,12105,"Polk County",FL,1
33845,12105,"Polk County",FL,1
33846,12105,"Polk County",FL,1
33847,12105,"Polk County",FL,1
33848,12097,"Osceola County",FL,1
33849,12105,"Polk County",FL,1
33850,12105,"Polk County",FL,1
33851,12105,"Polk County",FL,1
33852,12055,"Highlands County",FL,1
33853,12105,"Polk County",FL,1
33854,12105,"Polk County",FL,1
33855,12105,"Polk County",FL,1
33856,12105,"Polk County",FL,1
33857,12055,"Highlands County",FL,1
33858,12105,"Polk County",FL,1
33859,12105,"Polk County",FL,1
33860,12105,"Polk County",FL,1
33862,12055,"Highlands County",FL,1
33863,12105,"Polk County",FL,1
33865,12049,"Hardee County",FL,1
33867,12105,"Polk County",FL,1
33868,12105,"Polk County",FL,1
33870,12055,"Highlands County",FL,1
33871,12055,"Highlands County",FL,1
33872,12055,"Highlands County",FL,1
33873,12049,"Hardee County",FL,1
33875,12055,"Highlands County",FL,1
33876,12055,"Highlands County",FL,1
33877,12105,"Polk County",FL,1
33880,12105,"Polk County",FL,1
33881,12105,"Polk County",FL,1
33882,12105,"Polk County",FL,1
33883,12105,"Polk County",FL,1
33884,12105,"Polk County",FL,1
33885,12105,"Polk County",FL,1
33888,12105,"Polk County",FL,1
33890,12049,"Hardee County",FL,1
33896,12105,"Polk County",FL,1
33897,12105,"Polk County",FL,1
33898,12105,"Polk County",FL,1
33901,12071,"Lee County",FL,1
33902,12071,"Lee County",FL,1
33903,12071,"Lee County",FL,1
33904,12071,"Lee County",FL,1
33905,12071,"Lee County",FL,1
33906,12071,"Lee County",FL,1
33907,12071,"Lee County",FL,1
33908,12071,"Lee County",FL,1
33909,12071,"Lee County",FL,1
33910,12071,"Lee County",FL,1
33911,12071,"Lee County",FL,1
33912,12071,"Lee County",FL,1
33913,12071,"Lee County",FL,1
33914,12071,"Lee County",FL,1
33915,12071,"Lee County",FL,1
33916,12071,"Lee County",FL,1
33917,12071,"Lee County",FL,1
33918,12071,"Lee County",FL,1
33919,12071,"Lee County",FL,1
33920,12071,"Lee County",FL,1
33921,12071,"Lee County",FL,1
33922,12071,"Lee County",FL,1
33924,12071,"Lee County",FL,1
33927,12015,"Charlotte County",FL,1
33928,12071,"Lee County",FL,1
33929,12071,"Lee County",FL,1
33930,12051,"Hendry County",FL,1
33931,12071,"Lee County",FL,1
33932,12071,"Lee County",FL,1
33935,12051,"Hendry County",FL,1
33936,12071,"Lee County",FL,1
33938,12015,"Charlotte County",FL,1
33944,12043,"Glades County",FL,1
33945,12071,"Lee County",FL,1
33946,12015,"Charlotte County",FL,1
33947,12015,"Charlotte County",FL,1
33948,12015,"Charlotte County",FL,1
33949,12015,"Charlotte County",FL,1
33950,12015,"Charlotte County",FL,1
33951,12015,"Charlotte County",FL,1
33952,12015,"Charlotte County",FL,1
33953,12015,"Charlotte County",FL,1
33954,12015,"Charlotte County",FL,1
33955,12015,"Charlotte County",FL,1
33956,12071,"Lee County",FL,1
33957,12071,"Lee County",FL,1
33960,12055,"Highlands County",FL,1
33965,12071,"Lee County",FL,1
33966,12071,"Lee County",FL,1
33967,12105,"Polk County",FL,1
33970,12071,"Lee County",FL,1
33971,12071,"Lee County",FL,1
33972,12071,"Lee County",FL,1
33973,12011,"Broward County",FL,1
33974,12071,"Lee County",FL,1
33975,12051,"Hendry County",FL,1
33976,12071,"Lee County",FL,1
33980,12015,"Charlotte County",FL,1
33981,12015,"Charlotte County",FL,1
33982,12015,"Charlotte County",FL,1
33983,12015,"Charlotte County",FL,1
33990,12071,"Lee County",FL,1
33991,12071,"Lee County",FL,1
33993,12071,"Lee County",FL,1
33994,12071,"Lee County",FL,1
34101,12021,"Collier County",FL,1
34102,12021,"Collier County",FL,1
34103,12021,"Collier County",FL,1
34104,12021,"Collier County",FL,1
34105,12021,"Collier County",FL,1
34106,12021,"Collier County",FL,1
34107,12021,"Collier County",FL,1
34108,12021,"Collier County",FL,1
34109,12021,"Collier County",FL,1
34110,12021,"Collier County",FL,1
34112,12021,"Collier County",FL,1
34113,12021,"Collier County",FL,1
34114,12021,"Collier County",FL,1
34116,12021,"Collier County",FL,1
34117,12021,"Collier County",FL,1
34119,12021,"Collier County",FL,1
34120,12021,"Collier County",FL,1
34133,12071,"Lee County",FL,1
34134,12071,"Lee County",FL,1
34135,12071,"Lee County",FL,1
34136,12071,"Lee County",FL,1
34137,12021,"Collier County",FL,1
34138,12021,"Collier County",FL,1
34139,12021,"Collier County",FL,1
34140,12021,"Collier County",FL,1
34141,12021,"Collier County",FL,1
34142,12021,"Collier County",FL,1
34143,12021,"Collier County",FL,1
34145,12021,"Collier County",FL,1
34146,12021,"Collier County",FL,1
34201,12081,"Manatee County",FL,1
34202,12081,"Manatee County",FL,1
34203,12081,"Manatee County",FL,1
34204,12081,"Manatee County",FL,1
34205,12081,"Manatee County",FL,1
34206,12081,"Manatee County",FL,1
34207,12081,"Manatee County",FL,1
34208,12081,"Manatee County",FL,1
34209,12081,"Manatee County",FL,1
34210,12081,"Manatee County",FL,1
34211,12081,"Manatee County",FL,1
34212,12081,"Manatee County",FL,1
34215,12081,"Manatee County",FL,1
34216,12081,"Manatee County",FL,1
34217,12081,"Manatee County",FL,1
34218,12081,"Manatee County",FL,1
34219,12081,"Manatee County",FL,1
34220,12081,"Manatee County",FL,1
34221,12081,"Manatee County",FL,1
34222,12081,"Manatee County",FL,1
34223,12115,"Sarasota County",FL,1
34224,12115,"Sarasota County",FL,1
34228,12081,"Manatee County",FL,1
34229,12115,"Sarasota County",FL,1
34230,12115,"Sarasota County",FL,1
34231,12115,"Sarasota County",FL,1
34232,12115,"Sarasota County",FL,1
34233,12115,"Sarasota County",FL,1
34234,12115,"Sarasota County",FL,1
34235,12115,"Sarasota County",FL,1
34236,12115,"Sarasota County",FL,1
34237,12115,"Sarasota County",FL,1
34238,12115,"Sarasota County",FL,1
34239,12115,"Sarasota County",FL,1
34240,12115,"Sarasota County",FL,1
34241,12115,"Sarasota County",FL,1
34242,12115,"Sarasota County",FL,1
34243,12081,"Manatee County",FL,1
34249,12115,"Sarasota County",FL,1
34250,12081,"Manatee County",FL,1
34251,12081,"Manatee County",FL,1
34260,12081,"Manatee County",FL,1
34264,12081,"Manatee County",FL,1
34265,12027,"DeSoto County",FL,1
34266,12027,"DeSoto County",FL,1
34267,12027,"DeSoto County",FL,1
34268,12027,"DeSoto County",FL,1
34269,12027,"DeSoto County",FL,1
34270,12081,"Manatee County",FL,1
34272,12115,"Sarasota County",FL,1
34274,12115,"Sarasota County",FL,1
34275,12115,"Sarasota County",FL,1
34276,12115,"Sarasota County",FL,1
34277,12115,"Sarasota County",FL,1
34278,12115,"Sarasota County",FL,1
34280,12081,"Manatee County",FL,1
34281,12081,"Manatee County",FL,1
34282,12081,"Manatee County",FL,1
34284,12115,"Sarasota County",FL,1
34285,12115,"Sarasota County",FL,1
34286,12115,"Sarasota County",FL,1
34287,12115,"Sarasota County",FL,1
34288,12115,"Sarasota County",FL,1
34289,12115,"Sarasota County",FL,1
34290,12115,"Sarasota County",FL,1
34291,12115,"Sarasota County",FL,1
34292,12115,"Sarasota County",FL,1
34293,12115,"Sarasota County",FL,1
34295,12115,"Sarasota County",FL,1
34420,12083,"Marion County",FL,1
34421,12083,"Marion County",FL,1
34423,12017,"Citrus County",FL,1
34428,12017,"Citrus County",FL,1
34429,12017,"Citrus County",FL,1
34430,12083,"Marion County",FL,1
34431,12083,"Marion County",FL,1
34432,12083,"Marion County",FL,1
34433,12017,"Citrus County",FL,1
34434,12017,"Citrus County",FL,1
34436,12017,"Citrus County",FL,1
34441,12017,"Citrus County",FL,1
34442,12017,"Citrus County",FL,1
34445,12017,"Citrus County",FL,1
34446,12017,"Citrus County",FL,1
34447,12017,"Citrus County",FL,1
34448,12017,"Citrus County",FL,1
34449,12075,"Levy County",FL,1
34450,12017,"Citrus County",FL,1
34451,12017,"Citrus County",FL,1
34452,12017,"Citrus County",FL,1
34453,12017,"Citrus County",FL,1
34460,12017,"Citrus County",FL,1
34461,12017,"Citrus County",FL,1
34464,12017,"Citrus County",FL,1
34465,12017,"Citrus County",FL,1
34470,12083,"Marion County",FL,1
34471,12083,"Marion County",FL,1
34472,12083,"Marion County",FL,1
34473,12083,"Marion County",FL,1
34474,12083,"Marion County",FL,1
34475,12083,"Marion County",FL,1
34476,12083,"Marion County",FL,1
34477,12083,"Marion County",FL,1
34478,12083,"Marion County",FL,1
34479,12083,"Marion County",FL,1
34480,12083,"Marion County",FL,1
34481,12083,"Marion County",FL,1
34482,12083,"Marion County",FL,1
34483,12083,"Marion County",FL,1
34484,12119,"Sumter County",FL,1
34487,12017,"Citrus County",FL,1
34488,12083,"Marion County",FL,1
34489,12083,"Marion County",FL,1
34491,12083,"Marion County",FL,1
34492,12083,"Marion County",FL,1
34498,12075,"Levy County",FL,1
34601,12053,"Hernando County",FL,1
34602,12053,"Hernando County",FL,1
34603,12053,"Hernando County",FL,1
34604,12053,"Hernando County",FL,1
34605,12053,"Hernando County",FL,1
34606,12053,"Hernando County",FL,1
34607,12053,"Hernando County",FL,1
34608,12053,"Hernando County",FL,1
34609,12053,"Hernando County",FL,1
34610,12101,"Pasco County",FL,1
34611,12053,"Hernando County",FL,1
34613,12053,"Hernando County",FL,1
34614,12053,"Hernando County",FL,1
34636,12053,"Hernando County",FL,1
34637,12101,"Pasco County",FL,1
34638,12101,"Pasco County",FL,1
34639,12101,"Pasco County",FL,1
34652,12101,"Pasco County",FL,1
34653,12101,"Pasco County",FL,1
34654,12101,"Pasco County",FL,1
34655,12101,"Pasco County",FL,1
34656,12101,"Pasco County",FL,1
34660,12103,"Pinellas County",FL,1
34661,12053,"Hernando County",FL,1
34667,12101,"Pasco County",FL,1
34668,12101,"Pasco County",FL,1
34669,12101,"Pasco County",FL,1
34673,12101,"Pasco County",FL,1
34674,12101,"Pasco County",FL,1
34677,12103,"Pinellas County",FL,1
34679,12101,"Pasco County",FL,1
34680,12101,"Pasco County",FL,1
34681,12103,"Pinellas County",FL,1
34682,12103,"Pinellas County",FL,1
34683,12103,"Pinellas County",FL,1
34684,12103,"Pinellas County",FL,1
34685,12103,"Pinellas County",FL,1
34688,12103,"Pinellas County",FL,1
34689,12103,"Pinellas County",FL,1
34690,12101,"Pasco County",FL,1
34691,12101,"Pasco County",FL,1
34692,12101,"Pasco County",FL,1
34695,12103,"Pinellas County",FL,1
34697,12103,"Pinellas County",FL,1
34698,12103,"Pinellas County",FL,1
34705,12069,"Lake County",FL,1
34711,12069,"Lake County",FL,1
34712,12069,"Lake County",FL,1
34713,12069,"Lake County",FL,1
34714,12105,"Polk County",FL,1
34715,12069,"Lake County",FL,1
34729,12069,"Lake County",FL,1
34731,12069,"Lake County",FL,1
34734,12095,"Orange County",FL,1
34736,12069,"Lake County",FL,1
34737,12069,"Lake County",FL,1
34739,12097,"Osceola County",FL,1
34740,12095,"Orange County",FL,1
34741,12097,"Osceola County",FL,1
34742,12097,"Osceola County",FL,1
34743,12097,"Osceola County",FL,1
34744,12097,"Osceola County",FL,1
34745,12097,"Osceola County",FL,1
34746,12097,"Osceola County",FL,1
34747,12097,"Osceola County",FL,1
34748,12069,"Lake County",FL,1
34749,12069,"Lake County",FL,1
34753,12069,"Lake County",FL,1
34755,12069,"Lake County",FL,1
34756,12069,"Lake County",FL,1
34758,12097,"Osceola County",FL,1
34759,12105,"Polk County",FL,1
34760,12095,"Orange County",FL,1
34761,12095,"Orange County",FL,1
34762,12069,"Lake County",FL,1
34769,12097,"Osceola County",FL,1
34770,12097,"Osceola County",FL,1
34771,12097,"Osceola County",FL,1
34772,12097,"Osceola County",FL,1
34773,12097,"Osceola County",FL,1
34777,12095,"Orange County",FL,1
34778,12095,"Orange County",FL,1
34785,12119,"Sumter County",FL,1
34786,12095,"Orange County",FL,1
34787,12095,"Orange County",FL,1
34788,12069,"Lake County",FL,1
34789,12069,"Lake County",FL,1
34797,12069,"Lake County",FL,1
34945,12111,"St. Lucie County",FL,1
34946,12111,"St. Lucie County",FL,1
34947,12111,"St. Lucie County",FL,1
34948,12111,"St. Lucie County",FL,1
34949,12111,"St. Lucie County",FL,1
34950,12111,"St. Lucie County",FL,1
34951,12111,"St. Lucie County",FL,1
34952,12111,"St. Lucie County",FL,1
34953,12111,"St. Lucie County",FL,1
34954,12111,"St. Lucie County",FL,1
34956,12085,"Martin County",FL,1
34957,12085,"Martin County",FL,1
34958,12085,"Martin County",FL,1
34972,12093,"Okeechobee County",FL,1
34973,12093,"Okeechobee County",FL,1
34974,12093,"Okeechobee County",FL,1
34979,12111,"St. Lucie County",FL,1
34981,12111,"St. Lucie County",FL,1
34982,12111,"St. Lucie County",FL,1
34983,12111,"St. Lucie County",FL,1
34984,12111,"St. Lucie County",FL,1
34985,12111,"St. Lucie County",FL,1
34986,12111,"St. Lucie County",FL,1
34987,12111,"St. Lucie County",FL,1
34988,12111,"St. Lucie County",FL,1
34990,12085,"Martin County",FL,1
34991,12085,"Martin County",FL,1
34992,12085,"Martin County",FL,1
34994,12085,"Martin County",FL,1
34995,12085,"Martin County",FL,1
34996,12085,"Martin County",FL,1
34997,12085,"Martin County",FL,1
